FILE_NAME	READ_NAME	LENGTH
W621.hifi_reads_test_Nremove.fastq	@m84126_250220_160112_s2/262739316/ccs	15207
W621.hifi_reads_test_Nremove.fastq	@m84126_250220_160112_s2/262803984/ccs	21170
W621.hifi_reads_test_Nremove.fastq	@m84126_250220_160112_s2/262738564/ccs	16520
W621.hifi_reads_test_Nremove.fastq	@m84126_250220_160112_s2/262738926/ccs	14160
W621.hifi_reads_test_Nremove.fastq	@m84126_250220_160112_s2/262803981/ccs	26070
W621.hifi_reads_test_Nremove.fastq	@m84126_250220_160112_s2/257232628/ccs	17783
W621.hifi_reads_test_Nremove.fastq	@m84126_250220_160112_s2/257036282/ccs	15545
W621.hifi_reads_test_Nremove.fastq	@m84126_250220_160112_s2/257036483/ccs	28165
W621.hifi_reads_test_Nremove.fastq	@m84126_250220_160112_s2/262737195/ccs	16609
W621.hifi_reads_test_Nremove.fastq	@m84126_250220_160112_s2/257167108/ccs	13832
W621.hifi_reads_test_Nremove.fastq	@m84126_250220_160112_s2/257166445/ccs	16431
W621.hifi_reads_test_Nremove.fastq	@m84126_250220_160112_s2/262803600/ccs	16437
W621.hifi_reads_test_Nremove.fastq	@m84126_250220_160112_s2/257102135/ccs	17263
W621.hifi_reads_test_Nremove.fastq	@m84126_250220_160112_s2/257036226/ccs	23028
W621.hifi_reads_test_Nremove.fastq	@m84126_250220_160112_s2/257102291/ccs	14965
W621.hifi_reads_test_Nremove.fastq	@m84126_250220_160112_s2/257167336/ccs	18957
W621.hifi_reads_test_Nremove.fastq	@m84126_250220_160112_s2/262803234/ccs	17630
W621.hifi_reads_test_Nremove.fastq	@m84126_250220_160112_s2/257103197/ccs	16739
W621.hifi_reads_test_Nremove.fastq	@m84126_250220_160112_s2/257102378/ccs	14098
W621.hifi_reads_test_Nremove.fastq	@m84126_250220_160112_s2/257167049/ccs	18606
W621.hifi_reads_test_Nremove.fastq	@m84126_250220_160112_s2/262739255/ccs	21038
W621.hifi_reads_test_Nremove.fastq	@m84126_250220_160112_s2/257168897/ccs	17440
W621.hifi_reads_test_Nremove.fastq	@m84126_250220_160112_s2/257036531/ccs	18323
W621.hifi_reads_test_Nremove.fastq	@m84126_250220_160112_s2/257038098/ccs	21957
W621.hifi_reads_test_Nremove.fastq	@m84126_250220_160112_s2/257167739/ccs	16091
W621.hifi_reads_test_Nremove.fastq	@m84126_250220_160112_s2/257101816/ccs	16203
W621.hifi_reads_test_Nremove.fastq	@m84126_250220_160112_s2/257102374/ccs	19653
W621.hifi_reads_test_Nremove.fastq	@m84126_250220_160112_s2/262738646/ccs	20382
W621.hifi_reads_test_Nremove.fastq	@m84126_250220_160112_s2/257232359/ccs	12871
W621.hifi_reads_test_Nremove.fastq	@m84126_250220_160112_s2/257101972/ccs	15502
W621.hifi_reads_test_Nremove.fastq	@m84126_250220_160112_s2/262738158/ccs	17011
W621.hifi_reads_test_Nremove.fastq	@m84126_250220_160112_s2/262543199/ccs	14562
W621.hifi_reads_test_Nremove.fastq	@m84126_250220_160112_s2/257102448/ccs	17521
W621.hifi_reads_test_Nremove.fastq	@m84126_250220_160112_s2/257166827/ccs	15348
W621.hifi_reads_test_Nremove.fastq	@m84126_250220_160112_s2/257232216/ccs	23337
W621.hifi_reads_test_Nremove.fastq	@m84126_250220_160112_s2/257036397/ccs	15177
W621.hifi_reads_test_Nremove.fastq	@m84126_250220_160112_s2/257101767/ccs	15036
W621.hifi_reads_test_Nremove.fastq	@m84126_250220_160112_s2/262739705/ccs	13596
W621.hifi_reads_test_Nremove.fastq	@m84126_250220_160112_s2/262737982/ccs	15287
W621.hifi_reads_test_Nremove.fastq	@m84126_250220_160112_s2/257103106/ccs	19300
W621.hifi_reads_test_Nremove.fastq	@m84126_250220_160112_s2/262737735/ccs	16340
W621.hifi_reads_test_Nremove.fastq	@m84126_250220_160112_s2/257102493/ccs	16259
W621.hifi_reads_test_Nremove.fastq	@m84126_250220_160112_s2/262673814/ccs	14917
W621.hifi_reads_test_Nremove.fastq	@m84126_250220_160112_s2/262673398/ccs	26054
W621.hifi_reads_test_Nremove.fastq	@m84126_250220_160112_s2/257168507/ccs	17477
W621.hifi_reads_test_Nremove.fastq	@m84126_250220_160112_s2/262803196/ccs	15067
W621.hifi_reads_test_Nremove.fastq	@m84126_250220_160112_s2/262803705/ccs	22053
W621.hifi_reads_test_Nremove.fastq	@m84126_250220_160112_s2/262737714/ccs	25093
W621.hifi_reads_test_Nremove.fastq	@m84126_250220_160112_s2/262802788/ccs	17551
W621.hifi_reads_test_Nremove.fastq	@m84126_250220_160112_s2/262671836/ccs	15982
W621.hifi_reads_test_Nremove.fastq	@m84126_250220_160112_s2/257169121/ccs	13909
W621.hifi_reads_test_Nremove.fastq	@m84126_250220_160112_s2/262803232/ccs	13430
W621.hifi_reads_test_Nremove.fastq	@m84126_250220_160112_s2/257101459/ccs	19276
W621.hifi_reads_test_Nremove.fastq	@m84126_250220_160112_s2/257166772/ccs	27075
W621.hifi_reads_test_Nremove.fastq	@m84126_250220_160112_s2/257168578/ccs	21362
W621.hifi_reads_test_Nremove.fastq	@m84126_250220_160112_s2/262803710/ccs	22963
W621.hifi_reads_test_Nremove.fastq	@m84126_250220_160112_s2/257037738/ccs	18220
W621.hifi_reads_test_Nremove.fastq	@m84126_250220_160112_s2/257038094/ccs	14515
W621.hifi_reads_test_Nremove.fastq	@m84126_250220_160112_s2/262803022/ccs	17310
W621.hifi_reads_test_Nremove.fastq	@m84126_250220_160112_s2/257102514/ccs	13826
W621.hifi_reads_test_Nremove.fastq	@m84126_250220_160112_s2/262738430/ccs	19847
W621.hifi_reads_test_Nremove.fastq	@m84126_250220_160112_s2/262803319/ccs	18096
W621.hifi_reads_test_Nremove.fastq	@m84126_250220_160112_s2/257232176/ccs	20337
W621.hifi_reads_test_Nremove.fastq	@m84126_250220_160112_s2/257036699/ccs	24847
W621.hifi_reads_test_Nremove.fastq	@m84126_250220_160112_s2/262803690/ccs	17531
W621.hifi_reads_test_Nremove.fastq	@m84126_250220_160112_s2/262738425/ccs	14067
W621.hifi_reads_test_Nremove.fastq	@m84126_250220_160112_s2/257101663/ccs	19129
W621.hifi_reads_test_Nremove.fastq	@m84126_250220_160112_s2/257102348/ccs	16191
W621.hifi_reads_test_Nremove.fastq	@m84126_250220_160112_s2/256972342/ccs	20065
W621.hifi_reads_test_Nremove.fastq	@m84126_250220_160112_s2/257166879/ccs	14234
W621.hifi_reads_test_Nremove.fastq	@m84126_250220_160112_s2/262739774/ccs	19338
W621.hifi_reads_test_Nremove.fastq	@m84126_250220_160112_s2/257168486/ccs	13917
W621.hifi_reads_test_Nremove.fastq	@m84126_250220_160112_s2/257232002/ccs	14424
W621.hifi_reads_test_Nremove.fastq	@m84126_250220_160112_s2/257037095/ccs	18051
W621.hifi_reads_test_Nremove.fastq	@m84126_250220_160112_s2/262739056/ccs	14228
W621.hifi_reads_test_Nremove.fastq	@m84126_250220_160112_s2/262803016/ccs	16188
W621.hifi_reads_test_Nremove.fastq	@m84126_250220_160112_s2/257168130/ccs	13816
W621.hifi_reads_test_Nremove.fastq	@m84126_250220_160112_s2/257037762/ccs	18740
W621.hifi_reads_test_Nremove.fastq	@m84126_250220_160112_s2/257167044/ccs	16252
W621.hifi_reads_test_Nremove.fastq	@m84126_250220_160112_s2/257103180/ccs	15699
W621.hifi_reads_test_Nremove.fastq	@m84126_250220_160112_s2/257037929/ccs	15195
W621.hifi_reads_test_Nremove.fastq	@m84126_250220_160112_s2/262804308/ccs	14409
W621.hifi_reads_test_Nremove.fastq	@m84126_250220_160112_s2/262803490/ccs	17271
W621.hifi_reads_test_Nremove.fastq	@m84126_250220_160112_s2/262737000/ccs	16057
W621.hifi_reads_test_Nremove.fastq	@m84126_250220_160112_s2/257101246/ccs	17602
W621.hifi_reads_test_Nremove.fastq	@m84126_250220_160112_s2/257168697/ccs	15986
W621.hifi_reads_test_Nremove.fastq	@m84126_250220_160112_s2/257037097/ccs	28892
W621.hifi_reads_test_Nremove.fastq	@m84126_250220_160112_s2/257232355/ccs	17867
W621.hifi_reads_test_Nremove.fastq	@m84126_250220_160112_s2/257232253/ccs	14383
W621.hifi_reads_test_Nremove.fastq	@m84126_250220_160112_s2/257167421/ccs	15975
W621.hifi_reads_test_Nremove.fastq	@m84126_250220_160112_s2/262738332/ccs	24743
W621.hifi_reads_test_Nremove.fastq	@m84126_250220_160112_s2/257101463/ccs	19804
W621.hifi_reads_test_Nremove.fastq	@m84126_250220_160112_s2/262738204/ccs	16014
W621.hifi_reads_test_Nremove.fastq	@m84126_250220_160112_s2/262738233/ccs	14675
W621.hifi_reads_test_Nremove.fastq	@m84126_250220_160112_s2/257102150/ccs	19423
W621.hifi_reads_test_Nremove.fastq	@m84126_250220_160112_s2/257232782/ccs	15495
W621.hifi_reads_test_Nremove.fastq	@m84126_250220_160112_s2/257167442/ccs	15087
W621.hifi_reads_test_Nremove.fastq	@m84126_250220_160112_s2/262739122/ccs	21139
W621.hifi_reads_test_Nremove.fastq	@m84126_250220_160112_s2/257101375/ccs	16273
W621.hifi_reads_test_Nremove.fastq	@m84126_250220_160112_s2/257037818/ccs	20314
W621.hifi_reads_test_Nremove.fastq	@m84126_250220_160112_s2/257036811/ccs	19864
W621.hifi_reads_test_Nremove.fastq	@m84126_250220_160112_s2/257038046/ccs	19838
W621.hifi_reads_test_Nremove.fastq	@m84126_250220_160112_s2/262803072/ccs	23144
W621.hifi_reads_test_Nremove.fastq	@m84126_250220_160112_s2/262738086/ccs	16500
W621.hifi_reads_test_Nremove.fastq	@m84126_250220_160112_s2/262739327/ccs	14947
W621.hifi_reads_test_Nremove.fastq	@m84126_250220_160112_s2/257232791/ccs	21990
W621.hifi_reads_test_Nremove.fastq	@m84126_250220_160112_s2/257036022/ccs	14849
W621.hifi_reads_test_Nremove.fastq	@m84126_250220_160112_s2/262738540/ccs	15823
W621.hifi_reads_test_Nremove.fastq	@m84126_250220_160112_s2/262673866/ccs	18484
W621.hifi_reads_test_Nremove.fastq	@m84126_250220_160112_s2/262802679/ccs	15372
W621.hifi_reads_test_Nremove.fastq	@m84126_250220_160112_s2/257101269/ccs	15979
W621.hifi_reads_test_Nremove.fastq	@m84126_250220_160112_s2/257036614/ccs	21647
W621.hifi_reads_test_Nremove.fastq	@m84126_250220_160112_s2/257168291/ccs	15904
W621.hifi_reads_test_Nremove.fastq	@m84126_250220_160112_s2/257101585/ccs	15980
W621.hifi_reads_test_Nremove.fastq	@m84126_250220_160112_s2/257168468/ccs	19364
W621.hifi_reads_test_Nremove.fastq	@m84126_250220_160112_s2/257036779/ccs	14286
W621.hifi_reads_test_Nremove.fastq	@m84126_250220_160112_s2/262739181/ccs	16329
W621.hifi_reads_test_Nremove.fastq	@m84126_250220_160112_s2/262738134/ccs	26735
W621.hifi_reads_test_Nremove.fastq	@m84126_250220_160112_s2/262738603/ccs	16691
W621.hifi_reads_test_Nremove.fastq	@m84126_250220_160112_s2/262803099/ccs	15155
W621.hifi_reads_test_Nremove.fastq	@m84126_250220_160112_s2/257168562/ccs	21757
W621.hifi_reads_test_Nremove.fastq	@m84126_250220_160112_s2/257168441/ccs	15229
W621.hifi_reads_test_Nremove.fastq	@m84126_250220_160112_s2/257037776/ccs	17003
W621.hifi_reads_test_Nremove.fastq	@m84126_250220_160112_s2/257232150/ccs	14511
W621.hifi_reads_test_Nremove.fastq	@m84126_250220_160112_s2/257103054/ccs	24212
W621.hifi_reads_test_Nremove.fastq	@m84126_250220_160112_s2/262671856/ccs	14612
W621.hifi_reads_test_Nremove.fastq	@m84126_250220_160112_s2/257168394/ccs	20245
W621.hifi_reads_test_Nremove.fastq	@m84126_250220_160112_s2/262802987/ccs	17247
W621.hifi_reads_test_Nremove.fastq	@m84126_250220_160112_s2/262802642/ccs	15510
W621.hifi_reads_test_Nremove.fastq	@m84126_250220_160112_s2/262739095/ccs	19765
W621.hifi_reads_test_Nremove.fastq	@m84126_250220_160112_s2/262804432/ccs	15880
W621.hifi_reads_test_Nremove.fastq	@m84126_250220_160112_s2/257167072/ccs	18985
W621.hifi_reads_test_Nremove.fastq	@m84126_250220_160112_s2/262803893/ccs	25985
W621.hifi_reads_test_Nremove.fastq	@m84126_250220_160112_s2/257167983/ccs	11940
W621.hifi_reads_test_Nremove.fastq	@m84126_250220_160112_s2/257035962/ccs	21639
W621.hifi_reads_test_Nremove.fastq	@m84126_250220_160112_s2/257232769/ccs	13629
W621.hifi_reads_test_Nremove.fastq	@m84126_250220_160112_s2/262737319/ccs	16026
W621.hifi_reads_test_Nremove.fastq	@m84126_250220_160112_s2/257167245/ccs	16157
W621.hifi_reads_test_Nremove.fastq	@m84126_250220_160112_s2/257101880/ccs	27636
W621.hifi_reads_test_Nremove.fastq	@m84126_250220_160112_s2/257103461/ccs	22014
W621.hifi_reads_test_Nremove.fastq	@m84126_250220_160112_s2/262803621/ccs	24542
W621.hifi_reads_test_Nremove.fastq	@m84126_250220_160112_s2/257167817/ccs	25425
W621.hifi_reads_test_Nremove.fastq	@m84126_250220_160112_s2/262804165/ccs	21768
W621.hifi_reads_test_Nremove.fastq	@m84126_250220_160112_s2/257103311/ccs	22342
W621.hifi_reads_test_Nremove.fastq	@m84126_250220_160112_s2/257232399/ccs	19401
W621.hifi_reads_test_Nremove.fastq	@m84126_250220_160112_s2/257102561/ccs	14669
W621.hifi_reads_test_Nremove.fastq	@m84126_250220_160112_s2/257103443/ccs	17552
W621.hifi_reads_test_Nremove.fastq	@m84126_250220_160112_s2/262737306/ccs	16506
W621.hifi_reads_test_Nremove.fastq	@m84126_250220_160112_s2/257166857/ccs	18209
W621.hifi_reads_test_Nremove.fastq	@m84126_250220_160112_s2/262672396/ccs	23681
W621.hifi_reads_test_Nremove.fastq	@m84126_250220_160112_s2/257167851/ccs	15473
W621.hifi_reads_test_Nremove.fastq	@m84126_250220_160112_s2/257103226/ccs	18186
W621.hifi_reads_test_Nremove.fastq	@m84126_250220_160112_s2/257166610/ccs	24864
W621.hifi_reads_test_Nremove.fastq	@m84126_250220_160112_s2/262802902/ccs	21302
W621.hifi_reads_test_Nremove.fastq	@m84126_250220_160112_s2/257232109/ccs	18042
W621.hifi_reads_test_Nremove.fastq	@m84126_250220_160112_s2/262802523/ccs	16116
W621.hifi_reads_test_Nremove.fastq	@m84126_250220_160112_s2/262739370/ccs	14808
W621.hifi_reads_test_Nremove.fastq	@m84126_250220_160112_s2/257100883/ccs	8938
W621.hifi_reads_test_Nremove.fastq	@m84126_250220_160112_s2/257102594/ccs	16797
W621.hifi_reads_test_Nremove.fastq	@m84126_250220_160112_s2/262673255/ccs	17065
W621.hifi_reads_test_Nremove.fastq	@m84126_250220_160112_s2/257167410/ccs	20508
W621.hifi_reads_test_Nremove.fastq	@m84126_250220_160112_s2/262738249/ccs	15931
W621.hifi_reads_test_Nremove.fastq	@m84126_250220_160112_s2/257231916/ccs	18328
W621.hifi_reads_test_Nremove.fastq	@m84126_250220_160112_s2/257103639/ccs	13456
W621.hifi_reads_test_Nremove.fastq	@m84126_250220_160112_s2/262738413/ccs	15576
W621.hifi_reads_test_Nremove.fastq	@m84126_250220_160112_s2/257101828/ccs	16602
W621.hifi_reads_test_Nremove.fastq	@m84126_250220_160112_s2/257167278/ccs	21744
W621.hifi_reads_test_Nremove.fastq	@m84126_250220_160112_s2/257232205/ccs	15278
W621.hifi_reads_test_Nremove.fastq	@m84126_250220_160112_s2/257167909/ccs	16236
W621.hifi_reads_test_Nremove.fastq	@m84126_250220_160112_s2/262737712/ccs	17596
W621.hifi_reads_test_Nremove.fastq	@m84126_250220_160112_s2/262803668/ccs	19382
W621.hifi_reads_test_Nremove.fastq	@m84126_250220_160112_s2/262802798/ccs	14984
W621.hifi_reads_test_Nremove.fastq	@m84126_250220_160112_s2/262673900/ccs	14303
W621.hifi_reads_test_Nremove.fastq	@m84126_250220_160112_s2/262672836/ccs	17367
W621.hifi_reads_test_Nremove.fastq	@m84126_250220_160112_s2/257102250/ccs	15516
W621.hifi_reads_test_Nremove.fastq	@m84126_250220_160112_s2/257101772/ccs	16568
W621.hifi_reads_test_Nremove.fastq	@m84126_250220_160112_s2/257102517/ccs	14920
W621.hifi_reads_test_Nremove.fastq	@m84126_250220_160112_s2/257101639/ccs	20043
W621.hifi_reads_test_Nremove.fastq	@m84126_250220_160112_s2/262672431/ccs	16672
W621.hifi_reads_test_Nremove.fastq	@m84126_250220_160112_s2/257167432/ccs	17253
W621.hifi_reads_test_Nremove.fastq	@m84126_250220_160112_s2/262737978/ccs	18631
W621.hifi_reads_test_Nremove.fastq	@m84126_250220_160112_s2/257037321/ccs	15066
W621.hifi_reads_test_Nremove.fastq	@m84126_250220_160112_s2/262739411/ccs	13903
W621.hifi_reads_test_Nremove.fastq	@m84126_250220_160112_s2/257037074/ccs	21453
W621.hifi_reads_test_Nremove.fastq	@m84126_250220_160112_s2/257168308/ccs	15081
W621.hifi_reads_test_Nremove.fastq	@m84126_250220_160112_s2/257232719/ccs	16652
W621.hifi_reads_test_Nremove.fastq	@m84126_250220_160112_s2/256972329/ccs	20866
W621.hifi_reads_test_Nremove.fastq	@m84126_250220_160112_s2/257037647/ccs	17016
W621.hifi_reads_test_Nremove.fastq	@m84126_250220_160112_s2/257232886/ccs	19815
W621.hifi_reads_test_Nremove.fastq	@m84126_250220_160112_s2/257036754/ccs	20862
W621.hifi_reads_test_Nremove.fastq	@m84126_250220_160112_s2/257232331/ccs	17796
W621.hifi_reads_test_Nremove.fastq	@m84126_250220_160112_s2/262673068/ccs	20442
W621.hifi_reads_test_Nremove.fastq	@m84126_250220_160112_s2/257101419/ccs	24628
W641.hifi_reads_test_Nremove.fastq	@m84126_250220_160112_s2/262739619/ccs	11594
W641.hifi_reads_test_Nremove.fastq	@m84126_250220_160112_s2/257169208/ccs	20741
W641.hifi_reads_test_Nremove.fastq	@m84126_250220_160112_s2/257102846/ccs	26508
W641.hifi_reads_test_Nremove.fastq	@m84126_250220_160112_s2/257166507/ccs	18817
W641.hifi_reads_test_Nremove.fastq	@m84126_250220_160112_s2/257167814/ccs	16541
W641.hifi_reads_test_Nremove.fastq	@m84126_250220_160112_s2/262803896/ccs	17396
W641.hifi_reads_test_Nremove.fastq	@m84126_250220_160112_s2/262738063/ccs	19160
W641.hifi_reads_test_Nremove.fastq	@m84126_250220_160112_s2/257103666/ccs	17378
W641.hifi_reads_test_Nremove.fastq	@m84126_250220_160112_s2/257036250/ccs	15891
W641.hifi_reads_test_Nremove.fastq	@m84126_250220_160112_s2/262607717/ccs	17795
W641.hifi_reads_test_Nremove.fastq	@m84126_250220_160112_s2/257103609/ccs	12092
W641.hifi_reads_test_Nremove.fastq	@m84126_250220_160112_s2/257232125/ccs	16095
W641.hifi_reads_test_Nremove.fastq	@m84126_250220_160112_s2/257168078/ccs	15526
W641.hifi_reads_test_Nremove.fastq	@m84126_250220_160112_s2/257102537/ccs	14950
W641.hifi_reads_test_Nremove.fastq	@m84126_250220_160112_s2/257102542/ccs	24571
W641.hifi_reads_test_Nremove.fastq	@m84126_250220_160112_s2/256972316/ccs	14522
W641.hifi_reads_test_Nremove.fastq	@m84126_250220_160112_s2/262672583/ccs	16371
W641.hifi_reads_test_Nremove.fastq	@m84126_250220_160112_s2/257101882/ccs	21544
W641.hifi_reads_test_Nremove.fastq	@m84126_250220_160112_s2/262802605/ccs	18080
W641.hifi_reads_test_Nremove.fastq	@m84126_250220_160112_s2/262739039/ccs	27932
W641.hifi_reads_test_Nremove.fastq	@m84126_250220_160112_s2/262738369/ccs	16233
W641.hifi_reads_test_Nremove.fastq	@m84126_250220_160112_s2/257103191/ccs	14537
W641.hifi_reads_test_Nremove.fastq	@m84126_250220_160112_s2/262739338/ccs	19386
W641.hifi_reads_test_Nremove.fastq	@m84126_250220_160112_s2/257232159/ccs	15236
W641.hifi_reads_test_Nremove.fastq	@m84126_250220_160112_s2/257037134/ccs	20586
W641.hifi_reads_test_Nremove.fastq	@m84126_250220_160112_s2/257038218/ccs	14058
W641.hifi_reads_test_Nremove.fastq	@m84126_250220_160112_s2/257103007/ccs	23735
W641.hifi_reads_test_Nremove.fastq	@m84126_250220_160112_s2/262739479/ccs	18788
W641.hifi_reads_test_Nremove.fastq	@m84126_250220_160112_s2/262803174/ccs	14472
W641.hifi_reads_test_Nremove.fastq	@m84126_250220_160112_s2/257103752/ccs	15103
W641.hifi_reads_test_Nremove.fastq	@m84126_250220_160112_s2/257166364/ccs	16461
W641.hifi_reads_test_Nremove.fastq	@m84126_250220_160112_s2/262673504/ccs	15721
W641.hifi_reads_test_Nremove.fastq	@m84126_250220_160112_s2/257232072/ccs	18194
W641.hifi_reads_test_Nremove.fastq	@m84126_250220_160112_s2/257037257/ccs	19609
W641.hifi_reads_test_Nremove.fastq	@m84126_250220_160112_s2/257101640/ccs	14302
W641.hifi_reads_test_Nremove.fastq	@m84126_250220_160112_s2/257166373/ccs	13771
W641.hifi_reads_test_Nremove.fastq	@m84126_250220_160112_s2/257035994/ccs	17538
W641.hifi_reads_test_Nremove.fastq	@m84126_250220_160112_s2/257168239/ccs	15070
W641.hifi_reads_test_Nremove.fastq	@m84126_250220_160112_s2/257169171/ccs	15399
W641.hifi_reads_test_Nremove.fastq	@m84126_250220_160112_s2/257167220/ccs	14575
W641.hifi_reads_test_Nremove.fastq	@m84126_250220_160112_s2/257037021/ccs	19467
W641.hifi_reads_test_Nremove.fastq	@m84126_250220_160112_s2/257102579/ccs	14933
W641.hifi_reads_test_Nremove.fastq	@m84126_250220_160112_s2/257169105/ccs	14074
W641.hifi_reads_test_Nremove.fastq	@m84126_250220_160112_s2/262737845/ccs	9609
W641.hifi_reads_test_Nremove.fastq	@m84126_250220_160112_s2/257038211/ccs	12088
W641.hifi_reads_test_Nremove.fastq	@m84126_250220_160112_s2/257168553/ccs	23253
W641.hifi_reads_test_Nremove.fastq	@m84126_250220_160112_s2/257168429/ccs	18756
W641.hifi_reads_test_Nremove.fastq	@m84126_250220_160112_s2/262739107/ccs	15750
W641.hifi_reads_test_Nremove.fastq	@m84126_250220_160112_s2/257102847/ccs	24175
W641.hifi_reads_test_Nremove.fastq	@m84126_250220_160112_s2/257036482/ccs	18696
W641.hifi_reads_test_Nremove.fastq	@m84126_250220_160112_s2/257036612/ccs	22044
W641.hifi_reads_test_Nremove.fastq	@m84126_250220_160112_s2/257232528/ccs	16261
W641.hifi_reads_test_Nremove.fastq	@m84126_250220_160112_s2/262803726/ccs	16792
W641.hifi_reads_test_Nremove.fastq	@m84126_250220_160112_s2/262803349/ccs	25528
W641.hifi_reads_test_Nremove.fastq	@m84126_250220_160112_s2/262739781/ccs	18912
W641.hifi_reads_test_Nremove.fastq	@m84126_250220_160112_s2/262803485/ccs	17272
W641.hifi_reads_test_Nremove.fastq	@m84126_250220_160112_s2/262739620/ccs	15929
W641.hifi_reads_test_Nremove.fastq	@m84126_250220_160112_s2/262673870/ccs	23205
W641.hifi_reads_test_Nremove.fastq	@m84126_250220_160112_s2/262673916/ccs	15246
W641.hifi_reads_test_Nremove.fastq	@m84126_250220_160112_s2/262803714/ccs	18086
W641.hifi_reads_test_Nremove.fastq	@m84126_250220_160112_s2/257166791/ccs	16120
W641.hifi_reads_test_Nremove.fastq	@m84126_250220_160112_s2/257168939/ccs	13582
W641.hifi_reads_test_Nremove.fastq	@m84126_250220_160112_s2/262673586/ccs	14119
W641.hifi_reads_test_Nremove.fastq	@m84126_250220_160112_s2/257166780/ccs	19654
W641.hifi_reads_test_Nremove.fastq	@m84126_250220_160112_s2/262608584/ccs	14707
W641.hifi_reads_test_Nremove.fastq	@m84126_250220_160112_s2/257103682/ccs	16889
W641.hifi_reads_test_Nremove.fastq	@m84126_250220_160112_s2/257035601/ccs	15461
W641.hifi_reads_test_Nremove.fastq	@m84126_250220_160112_s2/257168536/ccs	14319
W641.hifi_reads_test_Nremove.fastq	@m84126_250220_160112_s2/257102227/ccs	21488
W641.hifi_reads_test_Nremove.fastq	@m84126_250220_160112_s2/262673409/ccs	18154
W641.hifi_reads_test_Nremove.fastq	@m84126_250220_160112_s2/262803887/ccs	20279
W641.hifi_reads_test_Nremove.fastq	@m84126_250220_160112_s2/257167841/ccs	15388
W641.hifi_reads_test_Nremove.fastq	@m84126_250220_160112_s2/262737349/ccs	14557
W641.hifi_reads_test_Nremove.fastq	@m84126_250220_160112_s2/257102098/ccs	14713
W641.hifi_reads_test_Nremove.fastq	@m84126_250220_160112_s2/262738725/ccs	14685
W641.hifi_reads_test_Nremove.fastq	@m84126_250220_160112_s2/262739166/ccs	14781
W641.hifi_reads_test_Nremove.fastq	@m84126_250220_160112_s2/262738889/ccs	25132
W641.hifi_reads_test_Nremove.fastq	@m84126_250220_160112_s2/257232889/ccs	18248
W641.hifi_reads_test_Nremove.fastq	@m84126_250220_160112_s2/262804111/ccs	21137
W641.hifi_reads_test_Nremove.fastq	@m84126_250220_160112_s2/257169219/ccs	20141
W641.hifi_reads_test_Nremove.fastq	@m84126_250220_160112_s2/262673185/ccs	15204
W641.hifi_reads_test_Nremove.fastq	@m84126_250220_160112_s2/257166754/ccs	16411
W641.hifi_reads_test_Nremove.fastq	@m84126_250220_160112_s2/257103006/ccs	15802
W641.hifi_reads_test_Nremove.fastq	@m84126_250220_160112_s2/257102379/ccs	18345
W641.hifi_reads_test_Nremove.fastq	@m84126_250220_160112_s2/257036206/ccs	15270
W641.hifi_reads_test_Nremove.fastq	@m84126_250220_160112_s2/257166606/ccs	16478
W641.hifi_reads_test_Nremove.fastq	@m84126_250220_160112_s2/256972300/ccs	17534
W641.hifi_reads_test_Nremove.fastq	@m84126_250220_160112_s2/257037294/ccs	17915
W641.hifi_reads_test_Nremove.fastq	@m84126_250220_160112_s2/257166837/ccs	24679
W641.hifi_reads_test_Nremove.fastq	@m84126_250220_160112_s2/257232033/ccs	15083
W641.hifi_reads_test_Nremove.fastq	@m84126_250220_160112_s2/257102163/ccs	15583
W641.hifi_reads_test_Nremove.fastq	@m84126_250220_160112_s2/257101340/ccs	14029
W641.hifi_reads_test_Nremove.fastq	@m84126_250220_160112_s2/257232190/ccs	16200
W641.hifi_reads_test_Nremove.fastq	@m84126_250220_160112_s2/262672694/ccs	13909
W641.hifi_reads_test_Nremove.fastq	@m84126_250220_160112_s2/257036433/ccs	21065
W641.hifi_reads_test_Nremove.fastq	@m84126_250220_160112_s2/257102103/ccs	14003
W641.hifi_reads_test_Nremove.fastq	@m84126_250220_160112_s2/257232235/ccs	15786
W641.hifi_reads_test_Nremove.fastq	@m84126_250220_160112_s2/262803308/ccs	17145
W641.hifi_reads_test_Nremove.fastq	@m84126_250220_160112_s2/257102481/ccs	14972
W641.hifi_reads_test_Nremove.fastq	@m84126_250220_160112_s2/262738447/ccs	16577
W641.hifi_reads_test_Nremove.fastq	@m84126_250220_160112_s2/257167591/ccs	17017
W641.hifi_reads_test_Nremove.fastq	@m84126_250220_160112_s2/257103497/ccs	15339
W641.hifi_reads_test_Nremove.fastq	@m84126_250220_160112_s2/262674202/ccs	14932
W641.hifi_reads_test_Nremove.fastq	@m84126_250220_160112_s2/257036234/ccs	16684
W641.hifi_reads_test_Nremove.fastq	@m84126_250220_160112_s2/262672973/ccs	17522
W641.hifi_reads_test_Nremove.fastq	@m84126_250220_160112_s2/257166490/ccs	20819
W641.hifi_reads_test_Nremove.fastq	@m84126_250220_160112_s2/257101873/ccs	14598
W641.hifi_reads_test_Nremove.fastq	@m84126_250220_160112_s2/262802660/ccs	25979
W641.hifi_reads_test_Nremove.fastq	@m84126_250220_160112_s2/262739503/ccs	22123
W641.hifi_reads_test_Nremove.fastq	@m84126_250220_160112_s2/257101817/ccs	29804
W641.hifi_reads_test_Nremove.fastq	@m84126_250220_160112_s2/262672893/ccs	22600
W641.hifi_reads_test_Nremove.fastq	@m84126_250220_160112_s2/262802982/ccs	19101
W641.hifi_reads_test_Nremove.fastq	@m84126_250220_160112_s2/257100990/ccs	24702
W641.hifi_reads_test_Nremove.fastq	@m84126_250220_160112_s2/257036235/ccs	17197
W641.hifi_reads_test_Nremove.fastq	@m84126_250220_160112_s2/257103550/ccs	16139
W641.hifi_reads_test_Nremove.fastq	@m84126_250220_160112_s2/257037768/ccs	17718
W641.hifi_reads_test_Nremove.fastq	@m84126_250220_160112_s2/257166497/ccs	14738
W641.hifi_reads_test_Nremove.fastq	@m84126_250220_160112_s2/262737180/ccs	19843
W641.hifi_reads_test_Nremove.fastq	@m84126_250220_160112_s2/262803002/ccs	25338
W641.hifi_reads_test_Nremove.fastq	@m84126_250220_160112_s2/262737775/ccs	17163
W641.hifi_reads_test_Nremove.fastq	@m84126_250220_160112_s2/257103069/ccs	15327
W641.hifi_reads_test_Nremove.fastq	@m84126_250220_160112_s2/257166370/ccs	15951
W641.hifi_reads_test_Nremove.fastq	@m84126_250220_160112_s2/257102662/ccs	19926
W641.hifi_reads_test_Nremove.fastq	@m84126_250220_160112_s2/257103409/ccs	17810
W641.hifi_reads_test_Nremove.fastq	@m84126_250220_160112_s2/257168619/ccs	16726
W641.hifi_reads_test_Nremove.fastq	@m84126_250220_160112_s2/262803113/ccs	17068
W641.hifi_reads_test_Nremove.fastq	@m84126_250220_160112_s2/262738762/ccs	15485
W641.hifi_reads_test_Nremove.fastq	@m84126_250220_160112_s2/262737168/ccs	14843
W641.hifi_reads_test_Nremove.fastq	@m84126_250220_160112_s2/257036271/ccs	17974
W641.hifi_reads_test_Nremove.fastq	@m84126_250220_160112_s2/257232796/ccs	17438
W641.hifi_reads_test_Nremove.fastq	@m84126_250220_160112_s2/262737283/ccs	15487
W641.hifi_reads_test_Nremove.fastq	@m84126_250220_160112_s2/262737942/ccs	19396
W641.hifi_reads_test_Nremove.fastq	@m84126_250220_160112_s2/257103407/ccs	17196
W641.hifi_reads_test_Nremove.fastq	@m84126_250220_160112_s2/257037847/ccs	14735
W641.hifi_reads_test_Nremove.fastq	@m84126_250220_160112_s2/262803752/ccs	20269
W641.hifi_reads_test_Nremove.fastq	@m84126_250220_160112_s2/257232137/ccs	13875
W641.hifi_reads_test_Nremove.fastq	@m84126_250220_160112_s2/262738032/ccs	16990
W641.hifi_reads_test_Nremove.fastq	@m84126_250220_160112_s2/262737707/ccs	19807
W641.hifi_reads_test_Nremove.fastq	@m84126_250220_160112_s2/257101949/ccs	17304
W641.hifi_reads_test_Nremove.fastq	@m84126_250220_160112_s2/262803262/ccs	14033
W641.hifi_reads_test_Nremove.fastq	@m84126_250220_160112_s2/262674049/ccs	26603
W641.hifi_reads_test_Nremove.fastq	@m84126_250220_160112_s2/262737374/ccs	15067
W641.hifi_reads_test_Nremove.fastq	@m84126_250220_160112_s2/257103638/ccs	21814
W641.hifi_reads_test_Nremove.fastq	@m84126_250220_160112_s2/257101540/ccs	21312
W641.hifi_reads_test_Nremove.fastq	@m84126_250220_160112_s2/262737316/ccs	20669
W641.hifi_reads_test_Nremove.fastq	@m84126_250220_160112_s2/257167001/ccs	14998
W641.hifi_reads_test_Nremove.fastq	@m84126_250220_160112_s2/262803041/ccs	19518
W641.hifi_reads_test_Nremove.fastq	@m84126_250220_160112_s2/257167677/ccs	17210
W641.hifi_reads_test_Nremove.fastq	@m84126_250220_160112_s2/262738326/ccs	20740
W641.hifi_reads_test_Nremove.fastq	@m84126_250220_160112_s2/262739284/ccs	13165
W641.hifi_reads_test_Nremove.fastq	@m84126_250220_160112_s2/257103161/ccs	29375
W641.hifi_reads_test_Nremove.fastq	@m84126_250220_160112_s2/257232514/ccs	14470
W641.hifi_reads_test_Nremove.fastq	@m84126_250220_160112_s2/262803918/ccs	15376
W641.hifi_reads_test_Nremove.fastq	@m84126_250220_160112_s2/257101845/ccs	20406
W641.hifi_reads_test_Nremove.fastq	@m84126_250220_160112_s2/262739321/ccs	18833
W641.hifi_reads_test_Nremove.fastq	@m84126_250220_160112_s2/262739733/ccs	15868
W641.hifi_reads_test_Nremove.fastq	@m84126_250220_160112_s2/257168380/ccs	13766
W641.hifi_reads_test_Nremove.fastq	@m84126_250220_160112_s2/257232375/ccs	16448
W641.hifi_reads_test_Nremove.fastq	@m84126_250220_160112_s2/262739373/ccs	16181
W641.hifi_reads_test_Nremove.fastq	@m84126_250220_160112_s2/257101843/ccs	20016
W641.hifi_reads_test_Nremove.fastq	@m84126_250220_160112_s2/257102224/ccs	21922
W641.hifi_reads_test_Nremove.fastq	@m84126_250220_160112_s2/262739508/ccs	23525
W641.hifi_reads_test_Nremove.fastq	@m84126_250220_160112_s2/257168055/ccs	24435
W641.hifi_reads_test_Nremove.fastq	@m84126_250220_160112_s2/262803852/ccs	22506
W641.hifi_reads_test_Nremove.fastq	@m84126_250220_160112_s2/257166669/ccs	18352
W641.hifi_reads_test_Nremove.fastq	@m84126_250220_160112_s2/262672403/ccs	16725
W641.hifi_reads_test_Nremove.fastq	@m84126_250220_160112_s2/262737842/ccs	23563
W641.hifi_reads_test_Nremove.fastq	@m84126_250220_160112_s2/262738160/ccs	15521
W641.hifi_reads_test_Nremove.fastq	@m84126_250220_160112_s2/262737867/ccs	27476
W641.hifi_reads_test_Nremove.fastq	@m84126_250220_160112_s2/257038078/ccs	22316
W641.hifi_reads_test_Nremove.fastq	@m84126_250220_160112_s2/257232631/ccs	16670
W641.hifi_reads_test_Nremove.fastq	@m84126_250220_160112_s2/257168099/ccs	21958
W641.hifi_reads_test_Nremove.fastq	@m84126_250220_160112_s2/262803970/ccs	13110
W641.hifi_reads_test_Nremove.fastq	@m84126_250220_160112_s2/257037640/ccs	13917
W641.hifi_reads_test_Nremove.fastq	@m84126_250220_160112_s2/262739681/ccs	9217
W641.hifi_reads_test_Nremove.fastq	@m84126_250220_160112_s2/257167610/ccs	15070
W641.hifi_reads_test_Nremove.fastq	@m84126_250220_160112_s2/257102317/ccs	16756
W641.hifi_reads_test_Nremove.fastq	@m84126_250220_160112_s2/257036623/ccs	13403
W641.hifi_reads_test_Nremove.fastq	@m84126_250220_160112_s2/262738620/ccs	14599
W641.hifi_reads_test_Nremove.fastq	@m84126_250220_160112_s2/257036652/ccs	16945
W641.hifi_reads_test_Nremove.fastq	@m84126_250220_160112_s2/257166741/ccs	20779
W641.hifi_reads_test_Nremove.fastq	@m84126_250220_160112_s2/257101345/ccs	21098
W641.hifi_reads_test_Nremove.fastq	@m84126_250220_160112_s2/257035972/ccs	15427
W641.hifi_reads_test_Nremove.fastq	@m84126_250220_160112_s2/257036517/ccs	22565
W641.hifi_reads_test_Nremove.fastq	@m84126_250220_160112_s2/262803317/ccs	13933
W641.hifi_reads_test_Nremove.fastq	@m84126_250220_160112_s2/257036858/ccs	14495
W641.hifi_reads_test_Nremove.fastq	@m84126_250220_160112_s2/257168702/ccs	18786
W641.hifi_reads_test_Nremove.fastq	@m84126_250220_160112_s2/262673307/ccs	16857
W641.hifi_reads_test_Nremove.fastq	@m84126_250220_160112_s2/257166912/ccs	13837
W641.hifi_reads_test_Nremove.fastq	@m84126_250220_160112_s2/257036942/ccs	15805
W641.hifi_reads_test_Nremove.fastq	@m84126_250220_160112_s2/257167622/ccs	19054
W641.hifi_reads_test_Nremove.fastq	@m84126_250220_160112_s2/262804135/ccs	19524
W641.hifi_reads_test_Nremove.fastq	@m84126_250220_160112_s2/257169282/ccs	16445
